,Donor,Plate,Sample
D2ex_1,D2,ex,D2
D2ex_2,D2,ex,D2
D2ex_3,D2,ex,D2
D2ex_4,D2,ex,D2
D2ex_5,D2,ex,D2
D2ex_6,D2,ex,D2
D2ex_7,D2,ex,D2
D2ex_8,D2,ex,D2
D2ex_9,D2,ex,D2
D2ex_10,D2,ex,D2
D2ex_11,D2,ex,D2
D2ex_12,D2,ex,D2
D2ex_13,D2,ex,D2
D2ex_14,D2,ex,D2
D2ex_15,D2,ex,D2
D2ex_16,D2,ex,D2
D2ex_17,D2,ex,D2
D2ex_18,D2,ex,D2
D2ex_19,D2,ex,D2
D2ex_20,D2,ex,D2
D2ex_21,D2,ex,D2
D2ex_22,D2,ex,D2
D2ex_23,D2,ex,D2
D2ex_24,D2,ex,D2
D2ex_25,D2,ex,D2
D2ex_26,D2,ex,D2
D2ex_27,D2,ex,D2
D2ex_28,D2,ex,D2
D2ex_29,D2,ex,D2
D2ex_30,D2,ex,D2
D2ex_31,D2,ex,D2
D2ex_32,D2,ex,D2
D2ex_33,D2,ex,D2
D2ex_34,D2,ex,D2
D2ex_35,D2,ex,D2
D2ex_36,D2,ex,D2
D2ex_37,D2,ex,D2
D2ex_38,D2,ex,D2
D2ex_39,D2,ex,D2
D2ex_40,D2,ex,D2
D2ex_41,D2,ex,D2
D2ex_42,D2,ex,D2
D2ex_43,D2,ex,D2
D2ex_44,D2,ex,D2
D2ex_45,D2,ex,D2
D2ex_46,D2,ex,D2
D2ex_47,D2,ex,D2
D2ex_48,D2,ex,D2
D2ex_49,D2,ex,D2
D2ex_50,D2,ex,D2
D2ex_51,D2,ex,D2
D2ex_52,D2,ex,D2
D2ex_53,D2,ex,D2
D2ex_54,D2,ex,D2
D2ex_55,D2,ex,D2
D2ex_56,D2,ex,D2
D2ex_57,D2,ex,D2
D2ex_58,D2,ex,D2
D2ex_59,D2,ex,D2
D2ex_60,D2,ex,D2
D2ex_61,D2,ex,D2
D2ex_62,D2,ex,D2
D2ex_63,D2,ex,D2
D2ex_64,D2,ex,D2
D2ex_65,D2,ex,D2
D2ex_66,D2,ex,D2
D2ex_67,D2,ex,D2
D2ex_68,D2,ex,D2
D2ex_69,D2,ex,D2
D2ex_70,D2,ex,D2
D2ex_71,D2,ex,D2
D2ex_72,D2,ex,D2
D2ex_73,D2,ex,D2
D2ex_74,D2,ex,D2
D2ex_75,D2,ex,D2
D2ex_76,D2,ex,D2
D2ex_77,D2,ex,D2
D2ex_78,D2,ex,D2
D2ex_79,D2,ex,D2
D2ex_80,D2,ex,D2
D2ex_81,D2,ex,D2
D2ex_82,D2,ex,D2
D2ex_83,D2,ex,D2
D2ex_84,D2,ex,D2
D2ex_85,D2,ex,D2
D2ex_86,D2,ex,D2
D2ex_87,D2,ex,D2
D2ex_88,D2,ex,D2
D2ex_89,D2,ex,D2
D2ex_90,D2,ex,D2
D2ex_91,D2,ex,D2
D2ex_92,D2,ex,D2
D2ex_93,D2,ex,D2
D2ex_94,D2,ex,D2
D2ex_95,D2,ex,D2
D2ex_96,D2,ex,D2
D3en1_1,D3,en1,D3
D3en1_2,D3,en1,D3
D3en1_3,D3,en1,D3
D3en1_4,D3,en1,D3
D3en1_5,D3,en1,D3
D3en1_6,D3,en1,D3
D3en1_7,D3,en1,D3
D3en1_8,D3,en1,D3
D3en1_9,D3,en1,D3
D3en1_10,D3,en1,D3
D3en1_11,D3,en1,D3
D3en1_12,D3,en1,D3
D3en1_13,D3,en1,D3
D3en1_14,D3,en1,D3
D3en1_15,D3,en1,D3
D3en1_16,D3,en1,D3
D3en1_17,D3,en1,D3
D3en1_18,D3,en1,D3
D3en1_19,D3,en1,D3
D3en1_20,D3,en1,D3
D3en1_21,D3,en1,D3
D3en1_22,D3,en1,D3
D3en1_23,D3,en1,D3
D3en1_24,D3,en1,D3
D3en1_25,D3,en1,D3
D3en1_26,D3,en1,D3
D3en1_27,D3,en1,D3
D3en1_28,D3,en1,D3
D3en1_29,D3,en1,D3
D3en1_30,D3,en1,D3
D3en1_31,D3,en1,D3
D3en1_32,D3,en1,D3
D3en1_33,D3,en1,D3
D3en1_34,D3,en1,D3
D3en1_35,D3,en1,D3
D3en1_36,D3,en1,D3
D3en1_37,D3,en1,D3
D3en1_38,D3,en1,D3
D3en1_39,D3,en1,D3
D3en1_40,D3,en1,D3
D3en1_41,D3,en1,D3
D3en1_42,D3,en1,D3
D3en1_43,D3,en1,D3
D3en1_44,D3,en1,D3
D3en1_45,D3,en1,D3
D3en1_46,D3,en1,D3
D3en1_47,D3,en1,D3
D3en1_48,D3,en1,D3
D3en1_49,D3,en1,D3
D3en1_50,D3,en1,D3
D3en1_51,D3,en1,D3
D3en1_52,D3,en1,D3
D3en1_53,D3,en1,D3
D3en1_54,D3,en1,D3
D3en1_55,D3,en1,D3
D3en1_56,D3,en1,D3
D3en1_57,D3,en1,D3
D3en1_58,D3,en1,D3
D3en1_59,D3,en1,D3
D3en1_60,D3,en1,D3
D3en1_61,D3,en1,D3
D3en1_62,D3,en1,D3
D3en1_63,D3,en1,D3
D3en1_64,D3,en1,D3
D3en1_65,D3,en1,D3
D3en1_66,D3,en1,D3
D3en1_67,D3,en1,D3
D3en1_68,D3,en1,D3
D3en1_69,D3,en1,D3
D3en1_70,D3,en1,D3
D3en1_71,D3,en1,D3
D3en1_72,D3,en1,D3
D3en1_73,D3,en1,D3
D3en1_74,D3,en1,D3
D3en1_75,D3,en1,D3
D3en1_76,D3,en1,D3
D3en1_77,D3,en1,D3
D3en1_78,D3,en1,D3
D3en1_79,D3,en1,D3
D3en1_80,D3,en1,D3
D3en1_81,D3,en1,D3
D3en1_82,D3,en1,D3
D3en1_83,D3,en1,D3
D3en1_84,D3,en1,D3
D3en1_85,D3,en1,D3
D3en1_86,D3,en1,D3
D3en1_87,D3,en1,D3
D3en1_88,D3,en1,D3
D3en1_89,D3,en1,D3
D3en1_90,D3,en1,D3
D3en1_91,D3,en1,D3
D3en1_92,D3,en1,D3
D3en1_93,D3,en1,D3
D3en1_94,D3,en1,D3
D3en1_95,D3,en1,D3
D3en1_96,D3,en1,D3
D3en2_1,D3,en2,D3
D3en2_2,D3,en2,D3
D3en2_3,D3,en2,D3
D3en2_4,D3,en2,D3
D3en2_5,D3,en2,D3
D3en2_6,D3,en2,D3
D3en2_7,D3,en2,D3
D3en2_8,D3,en2,D3
D3en2_9,D3,en2,D3
D3en2_10,D3,en2,D3
D3en2_11,D3,en2,D3
D3en2_12,D3,en2,D3
D3en2_13,D3,en2,D3
D3en2_14,D3,en2,D3
D3en2_15,D3,en2,D3
D3en2_16,D3,en2,D3
D3en2_17,D3,en2,D3
D3en2_18,D3,en2,D3
D3en2_19,D3,en2,D3
D3en2_20,D3,en2,D3
D3en2_21,D3,en2,D3
D3en2_22,D3,en2,D3
D3en2_23,D3,en2,D3
D3en2_24,D3,en2,D3
D3en2_25,D3,en2,D3
D3en2_26,D3,en2,D3
D3en2_27,D3,en2,D3
D3en2_28,D3,en2,D3
D3en2_29,D3,en2,D3
D3en2_30,D3,en2,D3
D3en2_31,D3,en2,D3
D3en2_32,D3,en2,D3
D3en2_33,D3,en2,D3
D3en2_34,D3,en2,D3
D3en2_35,D3,en2,D3
D3en2_36,D3,en2,D3
D3en2_37,D3,en2,D3
D3en2_38,D3,en2,D3
D3en2_39,D3,en2,D3
D3en2_40,D3,en2,D3
D3en2_41,D3,en2,D3
D3en2_42,D3,en2,D3
D3en2_43,D3,en2,D3
D3en2_44,D3,en2,D3
D3en2_45,D3,en2,D3
D3en2_46,D3,en2,D3
D3en2_47,D3,en2,D3
D3en2_48,D3,en2,D3
D3en2_49,D3,en2,D3
D3en2_50,D3,en2,D3
D3en2_51,D3,en2,D3
D3en2_52,D3,en2,D3
D3en2_53,D3,en2,D3
D3en2_54,D3,en2,D3
D3en2_55,D3,en2,D3
D3en2_56,D3,en2,D3
D3en2_57,D3,en2,D3
D3en2_58,D3,en2,D3
D3en2_59,D3,en2,D3
D3en2_60,D3,en2,D3
D3en2_61,D3,en2,D3
D3en2_62,D3,en2,D3
D3en2_63,D3,en2,D3
D3en2_64,D3,en2,D3
D3en2_65,D3,en2,D3
D3en2_66,D3,en2,D3
D3en2_67,D3,en2,D3
D3en2_68,D3,en2,D3
D3en2_69,D3,en2,D3
D3en2_70,D3,en2,D3
D3en2_71,D3,en2,D3
D3en2_72,D3,en2,D3
D3en2_73,D3,en2,D3
D3en2_74,D3,en2,D3
D3en2_75,D3,en2,D3
D3en2_76,D3,en2,D3
D3en2_77,D3,en2,D3
D3en2_78,D3,en2,D3
D3en2_79,D3,en2,D3
D3en2_80,D3,en2,D3
D3en2_81,D3,en2,D3
D3en2_82,D3,en2,D3
D3en2_83,D3,en2,D3
D3en2_84,D3,en2,D3
D3en2_85,D3,en2,D3
D3en2_86,D3,en2,D3
D3en2_87,D3,en2,D3
D3en2_88,D3,en2,D3
D3en2_89,D3,en2,D3
D3en2_90,D3,en2,D3
D3en2_91,D3,en2,D3
D3en2_92,D3,en2,D3
D3en2_93,D3,en2,D3
D3en2_94,D3,en2,D3
D3en2_95,D3,en2,D3
D3en2_96,D3,en2,D3
D3en3_1,D3,en3,D3
D3en3_2,D3,en3,D3
D3en3_3,D3,en3,D3
D3en3_4,D3,en3,D3
D3en3_5,D3,en3,D3
D3en3_6,D3,en3,D3
D3en3_7,D3,en3,D3
D3en3_8,D3,en3,D3
D3en3_9,D3,en3,D3
D3en3_10,D3,en3,D3
D3en3_11,D3,en3,D3
D3en3_12,D3,en3,D3
D3en3_13,D3,en3,D3
D3en3_14,D3,en3,D3
D3en3_15,D3,en3,D3
D3en3_16,D3,en3,D3
D3en3_17,D3,en3,D3
D3en3_18,D3,en3,D3
D3en3_19,D3,en3,D3
D3en3_20,D3,en3,D3
D3en3_21,D3,en3,D3
D3en3_22,D3,en3,D3
D3en3_23,D3,en3,D3
D3en3_24,D3,en3,D3
D3en3_25,D3,en3,D3
D3en3_26,D3,en3,D3
D3en3_27,D3,en3,D3
D3en3_28,D3,en3,D3
D3en3_29,D3,en3,D3
D3en3_30,D3,en3,D3
D3en3_31,D3,en3,D3
D3en3_32,D3,en3,D3
D3en3_33,D3,en3,D3
D3en3_34,D3,en3,D3
D3en3_35,D3,en3,D3
D3en3_36,D3,en3,D3
D3en3_37,D3,en3,D3
D3en3_38,D3,en3,D3
D3en3_39,D3,en3,D3
D3en3_40,D3,en3,D3
D3en3_41,D3,en3,D3
D3en3_42,D3,en3,D3
D3en3_43,D3,en3,D3
D3en3_44,D3,en3,D3
D3en3_45,D3,en3,D3
D3en3_46,D3,en3,D3
D3en3_47,D3,en3,D3
D3en3_48,D3,en3,D3
D3en3_49,D3,en3,D3
D3en3_50,D3,en3,D3
D3en3_51,D3,en3,D3
D3en3_52,D3,en3,D3
D3en3_53,D3,en3,D3
D3en3_54,D3,en3,D3
D3en3_55,D3,en3,D3
D3en3_56,D3,en3,D3
D3en3_57,D3,en3,D3
D3en3_58,D3,en3,D3
D3en3_59,D3,en3,D3
D3en3_60,D3,en3,D3
D3en3_61,D3,en3,D3
D3en3_62,D3,en3,D3
D3en3_63,D3,en3,D3
D3en3_64,D3,en3,D3
D3en3_65,D3,en3,D3
D3en3_66,D3,en3,D3
D3en3_67,D3,en3,D3
D3en3_68,D3,en3,D3
D3en3_69,D3,en3,D3
D3en3_70,D3,en3,D3
D3en3_71,D3,en3,D3
D3en3_72,D3,en3,D3
D3en3_73,D3,en3,D3
D3en3_74,D3,en3,D3
D3en3_75,D3,en3,D3
D3en3_76,D3,en3,D3
D3en3_77,D3,en3,D3
D3en3_78,D3,en3,D3
D3en3_79,D3,en3,D3
D3en3_80,D3,en3,D3
D3en3_81,D3,en3,D3
D3en3_82,D3,en3,D3
D3en3_83,D3,en3,D3
D3en3_84,D3,en3,D3
D3en3_85,D3,en3,D3
D3en3_86,D3,en3,D3
D3en3_87,D3,en3,D3
D3en3_88,D3,en3,D3
D3en3_89,D3,en3,D3
D3en3_90,D3,en3,D3
D3en3_91,D3,en3,D3
D3en3_92,D3,en3,D3
D3en3_93,D3,en3,D3
D3en3_94,D3,en3,D3
D3en3_95,D3,en3,D3
D3en3_96,D3,en3,D3
D3en4_1,D3,en4,D3
D3en4_2,D3,en4,D3
D3en4_3,D3,en4,D3
D3en4_4,D3,en4,D3
D3en4_5,D3,en4,D3
D3en4_6,D3,en4,D3
D3en4_7,D3,en4,D3
D3en4_8,D3,en4,D3
D3en4_9,D3,en4,D3
D3en4_10,D3,en4,D3
D3en4_11,D3,en4,D3
D3en4_12,D3,en4,D3
D3en4_13,D3,en4,D3
D3en4_14,D3,en4,D3
D3en4_15,D3,en4,D3
D3en4_16,D3,en4,D3
D3en4_17,D3,en4,D3
D3en4_18,D3,en4,D3
D3en4_19,D3,en4,D3
D3en4_20,D3,en4,D3
D3en4_21,D3,en4,D3
D3en4_22,D3,en4,D3
D3en4_23,D3,en4,D3
D3en4_24,D3,en4,D3
D3en4_25,D3,en4,D3
D3en4_26,D3,en4,D3
D3en4_27,D3,en4,D3
D3en4_28,D3,en4,D3
D3en4_29,D3,en4,D3
D3en4_30,D3,en4,D3
D3en4_31,D3,en4,D3
D3en4_32,D3,en4,D3
D3en4_33,D3,en4,D3
D3en4_34,D3,en4,D3
D3en4_35,D3,en4,D3
D3en4_36,D3,en4,D3
D3en4_37,D3,en4,D3
D3en4_38,D3,en4,D3
D3en4_39,D3,en4,D3
D3en4_40,D3,en4,D3
D3en4_41,D3,en4,D3
D3en4_42,D3,en4,D3
D3en4_43,D3,en4,D3
D3en4_44,D3,en4,D3
D3en4_45,D3,en4,D3
D3en4_46,D3,en4,D3
D3en4_47,D3,en4,D3
D3en4_48,D3,en4,D3
D3en4_49,D3,en4,D3
D3en4_50,D3,en4,D3
D3en4_51,D3,en4,D3
D3en4_52,D3,en4,D3
D3en4_53,D3,en4,D3
D3en4_54,D3,en4,D3
D3en4_55,D3,en4,D3
D3en4_56,D3,en4,D3
D3en4_57,D3,en4,D3
D3en4_58,D3,en4,D3
D3en4_59,D3,en4,D3
D3en4_60,D3,en4,D3
D3en4_61,D3,en4,D3
D3en4_62,D3,en4,D3
D3en4_63,D3,en4,D3
D3en4_64,D3,en4,D3
D3en4_65,D3,en4,D3
D3en4_66,D3,en4,D3
D3en4_67,D3,en4,D3
D3en4_68,D3,en4,D3
D3en4_69,D3,en4,D3
D3en4_70,D3,en4,D3
D3en4_71,D3,en4,D3
D3en4_72,D3,en4,D3
D3en4_73,D3,en4,D3
D3en4_74,D3,en4,D3
D3en4_75,D3,en4,D3
D3en4_76,D3,en4,D3
D3en4_77,D3,en4,D3
D3en4_78,D3,en4,D3
D3en4_79,D3,en4,D3
D3en4_80,D3,en4,D3
D3en4_81,D3,en4,D3
D3en4_82,D3,en4,D3
D3en4_83,D3,en4,D3
D3en4_84,D3,en4,D3
D3en4_85,D3,en4,D3
D3en4_86,D3,en4,D3
D3en4_87,D3,en4,D3
D3en4_88,D3,en4,D3
D3en4_89,D3,en4,D3
D3en4_90,D3,en4,D3
D3en4_91,D3,en4,D3
D3en4_92,D3,en4,D3
D3en4_93,D3,en4,D3
D3en4_94,D3,en4,D3
D3en4_95,D3,en4,D3
D3en4_96,D3,en4,D3
D3ex_1,D3,ex,D3
D3ex_2,D3,ex,D3
D3ex_3,D3,ex,D3
D3ex_4,D3,ex,D3
D3ex_5,D3,ex,D3
D3ex_6,D3,ex,D3
D3ex_7,D3,ex,D3
D3ex_8,D3,ex,D3
D3ex_9,D3,ex,D3
D3ex_10,D3,ex,D3
D3ex_11,D3,ex,D3
D3ex_12,D3,ex,D3
D3ex_13,D3,ex,D3
D3ex_14,D3,ex,D3
D3ex_15,D3,ex,D3
D3ex_16,D3,ex,D3
D3ex_17,D3,ex,D3
D3ex_18,D3,ex,D3
D3ex_19,D3,ex,D3
D3ex_20,D3,ex,D3
D3ex_21,D3,ex,D3
D3ex_22,D3,ex,D3
D3ex_23,D3,ex,D3
D3ex_24,D3,ex,D3
D3ex_25,D3,ex,D3
D3ex_26,D3,ex,D3
D3ex_27,D3,ex,D3
D3ex_28,D3,ex,D3
D3ex_29,D3,ex,D3
D3ex_30,D3,ex,D3
D3ex_31,D3,ex,D3
D3ex_32,D3,ex,D3
D3ex_33,D3,ex,D3
D3ex_34,D3,ex,D3
D3ex_35,D3,ex,D3
D3ex_36,D3,ex,D3
D3ex_37,D3,ex,D3
D3ex_38,D3,ex,D3
D3ex_39,D3,ex,D3
D3ex_40,D3,ex,D3
D3ex_41,D3,ex,D3
D3ex_42,D3,ex,D3
D3ex_43,D3,ex,D3
D3ex_44,D3,ex,D3
D3ex_45,D3,ex,D3
D3ex_46,D3,ex,D3
D3ex_47,D3,ex,D3
D3ex_48,D3,ex,D3
D3ex_49,D3,ex,D3
D3ex_50,D3,ex,D3
D3ex_51,D3,ex,D3
D3ex_52,D3,ex,D3
D3ex_53,D3,ex,D3
D3ex_54,D3,ex,D3
D3ex_55,D3,ex,D3
D3ex_56,D3,ex,D3
D3ex_57,D3,ex,D3
D3ex_58,D3,ex,D3
D3ex_59,D3,ex,D3
D3ex_60,D3,ex,D3
D3ex_61,D3,ex,D3
D3ex_62,D3,ex,D3
D3ex_63,D3,ex,D3
D3ex_64,D3,ex,D3
D3ex_65,D3,ex,D3
D3ex_66,D3,ex,D3
D3ex_67,D3,ex,D3
D3ex_68,D3,ex,D3
D3ex_69,D3,ex,D3
D3ex_70,D3,ex,D3
D3ex_71,D3,ex,D3
D3ex_72,D3,ex,D3
D3ex_73,D3,ex,D3
D3ex_74,D3,ex,D3
D3ex_75,D3,ex,D3
D3ex_76,D3,ex,D3
D3ex_77,D3,ex,D3
D3ex_78,D3,ex,D3
D3ex_79,D3,ex,D3
D3ex_80,D3,ex,D3
D3ex_81,D3,ex,D3
D3ex_82,D3,ex,D3
D3ex_83,D3,ex,D3
D3ex_84,D3,ex,D3
D3ex_85,D3,ex,D3
D3ex_86,D3,ex,D3
D3ex_87,D3,ex,D3
D3ex_88,D3,ex,D3
D3ex_89,D3,ex,D3
D3ex_90,D3,ex,D3
D3ex_91,D3,ex,D3
D3ex_92,D3,ex,D3
D3ex_93,D3,ex,D3
D3ex_94,D3,ex,D3
D3ex_95,D3,ex,D3
D3ex_96,D3,ex,D3
D74_1,D7,4,D74
D74_2,D7,4,D74
D74_3,D7,4,D74
D74_4,D7,4,D74
D74_5,D7,4,D74
D74_6,D7,4,D74
D74_7,D7,4,D74
D74_8,D7,4,D74
D74_9,D7,4,D74
D74_10,D7,4,D74
D74_11,D7,4,D74
D74_12,D7,4,D74
D74_13,D7,4,D74
D74_14,D7,4,D74
D74_15,D7,4,D74
D74_16,D7,4,D74
D74_17,D7,4,D74
D74_18,D7,4,D74
D74_19,D7,4,D74
D74_20,D7,4,D74
D74_21,D7,4,D74
D74_22,D7,4,D74
D74_23,D7,4,D74
D74_24,D7,4,D74
D74_25,D7,4,D74
D74_26,D7,4,D74
D74_27,D7,4,D74
D74_28,D7,4,D74
D74_29,D7,4,D74
D74_30,D7,4,D74
D74_31,D7,4,D74
D74_32,D7,4,D74
D74_33,D7,4,D74
D74_34,D7,4,D74
D74_35,D7,4,D74
D74_36,D7,4,D74
D74_37,D7,4,D74
D74_38,D7,4,D74
D74_39,D7,4,D74
D74_40,D7,4,D74
D74_41,D7,4,D74
D74_42,D7,4,D74
D74_43,D7,4,D74
D74_44,D7,4,D74
D74_45,D7,4,D74
D74_46,D7,4,D74
D74_47,D7,4,D74
D74_48,D7,4,D74
D74_49,D7,4,D74
D74_50,D7,4,D74
D74_51,D7,4,D74
D74_52,D7,4,D74
D74_53,D7,4,D74
D74_54,D7,4,D74
D74_55,D7,4,D74
D74_56,D7,4,D74
D74_57,D7,4,D74
D74_58,D7,4,D74
D74_59,D7,4,D74
D74_60,D7,4,D74
D74_61,D7,4,D74
D74_62,D7,4,D74
D74_63,D7,4,D74
D74_64,D7,4,D74
D74_65,D7,4,D74
D74_66,D7,4,D74
D74_67,D7,4,D74
D74_68,D7,4,D74
D74_69,D7,4,D74
D74_70,D7,4,D74
D74_71,D7,4,D74
D74_72,D7,4,D74
D74_73,D7,4,D74
D74_74,D7,4,D74
D74_75,D7,4,D74
D74_76,D7,4,D74
D74_77,D7,4,D74
D74_78,D7,4,D74
D74_79,D7,4,D74
D74_80,D7,4,D74
D74_81,D7,4,D74
D74_82,D7,4,D74
D74_83,D7,4,D74
D74_84,D7,4,D74
D74_85,D7,4,D74
D74_86,D7,4,D74
D74_87,D7,4,D74
D74_88,D7,4,D74
D74_89,D7,4,D74
D74_90,D7,4,D74
D74_91,D7,4,D74
D74_92,D7,4,D74
D74_93,D7,4,D74
D74_94,D7,4,D74
D74_95,D7,4,D74
D74_96,D7,4,D74
D71_1,D7,1,D71
D71_2,D7,1,D71
D71_3,D7,1,D71
D71_4,D7,1,D71
D71_5,D7,1,D71
D71_6,D7,1,D71
D71_7,D7,1,D71
D71_8,D7,1,D71
D71_9,D7,1,D71
D71_10,D7,1,D71
D71_11,D7,1,D71
D71_12,D7,1,D71
D71_13,D7,1,D71
D71_14,D7,1,D71
D71_15,D7,1,D71
D71_16,D7,1,D71
D71_17,D7,1,D71
D71_18,D7,1,D71
D71_19,D7,1,D71
D71_20,D7,1,D71
D71_21,D7,1,D71
D71_22,D7,1,D71
D71_23,D7,1,D71
D71_24,D7,1,D71
D71_25,D7,1,D71
D71_26,D7,1,D71
D71_27,D7,1,D71
D71_28,D7,1,D71
D71_29,D7,1,D71
D71_30,D7,1,D71
D71_31,D7,1,D71
D71_32,D7,1,D71
D71_33,D7,1,D71
D71_34,D7,1,D71
D71_35,D7,1,D71
D71_36,D7,1,D71
D71_37,D7,1,D71
D71_38,D7,1,D71
D71_39,D7,1,D71
D71_40,D7,1,D71
D71_41,D7,1,D71
D71_42,D7,1,D71
D71_43,D7,1,D71
D71_44,D7,1,D71
D71_45,D7,1,D71
D71_46,D7,1,D71
D71_47,D7,1,D71
D71_48,D7,1,D71
D71_49,D7,1,D71
D71_50,D7,1,D71
D71_51,D7,1,D71
D71_52,D7,1,D71
D71_53,D7,1,D71
D71_54,D7,1,D71
D71_55,D7,1,D71
D71_56,D7,1,D71
D71_57,D7,1,D71
D71_58,D7,1,D71
D71_59,D7,1,D71
D71_60,D7,1,D71
D71_61,D7,1,D71
D71_62,D7,1,D71
D71_63,D7,1,D71
D71_64,D7,1,D71
D71_65,D7,1,D71
D71_66,D7,1,D71
D71_67,D7,1,D71
D71_68,D7,1,D71
D71_69,D7,1,D71
D71_70,D7,1,D71
D71_71,D7,1,D71
D71_72,D7,1,D71
D71_73,D7,1,D71
D71_74,D7,1,D71
D71_75,D7,1,D71
D71_76,D7,1,D71
D71_77,D7,1,D71
D71_78,D7,1,D71
D71_79,D7,1,D71
D71_80,D7,1,D71
D71_81,D7,1,D71
D71_82,D7,1,D71
D71_83,D7,1,D71
D71_84,D7,1,D71
D71_85,D7,1,D71
D71_86,D7,1,D71
D71_87,D7,1,D71
D71_88,D7,1,D71
D71_89,D7,1,D71
D71_90,D7,1,D71
D71_91,D7,1,D71
D71_92,D7,1,D71
D71_93,D7,1,D71
D71_94,D7,1,D71
D71_95,D7,1,D71
D71_96,D7,1,D71
D72_1,D7,2,D72
D72_2,D7,2,D72
D72_3,D7,2,D72
D72_4,D7,2,D72
D72_5,D7,2,D72
D72_6,D7,2,D72
D72_7,D7,2,D72
D72_8,D7,2,D72
D72_9,D7,2,D72
D72_10,D7,2,D72
D72_11,D7,2,D72
D72_12,D7,2,D72
D72_13,D7,2,D72
D72_14,D7,2,D72
D72_15,D7,2,D72
D72_16,D7,2,D72
D72_17,D7,2,D72
D72_18,D7,2,D72
D72_19,D7,2,D72
D72_20,D7,2,D72
D72_21,D7,2,D72
D72_22,D7,2,D72
D72_23,D7,2,D72
D72_24,D7,2,D72
D72_25,D7,2,D72
D72_26,D7,2,D72
D72_27,D7,2,D72
D72_28,D7,2,D72
D72_29,D7,2,D72
D72_30,D7,2,D72
D72_31,D7,2,D72
D72_32,D7,2,D72
D72_33,D7,2,D72
D72_34,D7,2,D72
D72_35,D7,2,D72
D72_36,D7,2,D72
D72_37,D7,2,D72
D72_38,D7,2,D72
D72_39,D7,2,D72
D72_40,D7,2,D72
D72_41,D7,2,D72
D72_42,D7,2,D72
D72_43,D7,2,D72
D72_44,D7,2,D72
D72_45,D7,2,D72
D72_46,D7,2,D72
D72_47,D7,2,D72
D72_48,D7,2,D72
D72_49,D7,2,D72
D72_50,D7,2,D72
D72_51,D7,2,D72
D72_52,D7,2,D72
D72_53,D7,2,D72
D72_54,D7,2,D72
D72_55,D7,2,D72
D72_56,D7,2,D72
D72_57,D7,2,D72
D72_58,D7,2,D72
D72_59,D7,2,D72
D72_60,D7,2,D72
D72_61,D7,2,D72
D72_62,D7,2,D72
D72_63,D7,2,D72
D72_64,D7,2,D72
D72_65,D7,2,D72
D72_66,D7,2,D72
D72_67,D7,2,D72
D72_68,D7,2,D72
D72_69,D7,2,D72
D72_70,D7,2,D72
D72_71,D7,2,D72
D72_72,D7,2,D72
D72_73,D7,2,D72
D72_74,D7,2,D72
D72_75,D7,2,D72
D72_76,D7,2,D72
D72_77,D7,2,D72
D72_78,D7,2,D72
D72_79,D7,2,D72
D72_80,D7,2,D72
D72_81,D7,2,D72
D72_82,D7,2,D72
D72_83,D7,2,D72
D72_84,D7,2,D72
D72_85,D7,2,D72
D72_86,D7,2,D72
D72_87,D7,2,D72
D72_88,D7,2,D72
D72_89,D7,2,D72
D72_90,D7,2,D72
D72_91,D7,2,D72
D72_92,D7,2,D72
D72_93,D7,2,D72
D72_94,D7,2,D72
D72_95,D7,2,D72
D72_96,D7,2,D72
D73_1,D7,3,D73
D73_2,D7,3,D73
D73_3,D7,3,D73
D73_4,D7,3,D73
D73_5,D7,3,D73
D73_6,D7,3,D73
D73_7,D7,3,D73
D73_8,D7,3,D73
D73_9,D7,3,D73
D73_10,D7,3,D73
D73_11,D7,3,D73
D73_12,D7,3,D73
D73_13,D7,3,D73
D73_14,D7,3,D73
D73_15,D7,3,D73
D73_16,D7,3,D73
D73_17,D7,3,D73
D73_18,D7,3,D73
D73_19,D7,3,D73
D73_20,D7,3,D73
D73_21,D7,3,D73
D73_22,D7,3,D73
D73_23,D7,3,D73
D73_24,D7,3,D73
D73_25,D7,3,D73
D73_26,D7,3,D73
D73_27,D7,3,D73
D73_28,D7,3,D73
D73_29,D7,3,D73
D73_30,D7,3,D73
D73_31,D7,3,D73
D73_32,D7,3,D73
D73_33,D7,3,D73
D73_34,D7,3,D73
D73_35,D7,3,D73
D73_36,D7,3,D73
D73_37,D7,3,D73
D73_38,D7,3,D73
D73_39,D7,3,D73
D73_40,D7,3,D73
D73_41,D7,3,D73
D73_42,D7,3,D73
D73_43,D7,3,D73
D73_44,D7,3,D73
D73_45,D7,3,D73
D73_46,D7,3,D73
D73_47,D7,3,D73
D73_48,D7,3,D73
D73_49,D7,3,D73
D73_50,D7,3,D73
D73_51,D7,3,D73
D73_52,D7,3,D73
D73_53,D7,3,D73
D73_54,D7,3,D73
D73_55,D7,3,D73
D73_56,D7,3,D73
D73_57,D7,3,D73
D73_58,D7,3,D73
D73_59,D7,3,D73
D73_60,D7,3,D73
D73_61,D7,3,D73
D73_62,D7,3,D73
D73_63,D7,3,D73
D73_64,D7,3,D73
D73_65,D7,3,D73
D73_66,D7,3,D73
D73_67,D7,3,D73
D73_68,D7,3,D73
D73_69,D7,3,D73
D73_70,D7,3,D73
D73_71,D7,3,D73
D73_72,D7,3,D73
D73_73,D7,3,D73
D73_74,D7,3,D73
D73_75,D7,3,D73
D73_76,D7,3,D73
D73_77,D7,3,D73
D73_78,D7,3,D73
D73_79,D7,3,D73
D73_80,D7,3,D73
D73_81,D7,3,D73
D73_82,D7,3,D73
D73_83,D7,3,D73
D73_84,D7,3,D73
D73_85,D7,3,D73
D73_86,D7,3,D73
D73_87,D7,3,D73
D73_88,D7,3,D73
D73_89,D7,3,D73
D73_90,D7,3,D73
D73_91,D7,3,D73
D73_92,D7,3,D73
D73_93,D7,3,D73
D73_94,D7,3,D73
D73_95,D7,3,D73
D73_96,D7,3,D73
D10631_1,D10,631,D10631
D10631_2,D10,631,D10631
D10631_3,D10,631,D10631
D10631_4,D10,631,D10631
D10631_5,D10,631,D10631
D10631_6,D10,631,D10631
D10631_7,D10,631,D10631
D10631_8,D10,631,D10631
D10631_9,D10,631,D10631
D10631_10,D10,631,D10631
D10631_11,D10,631,D10631
D10631_12,D10,631,D10631
D10631_13,D10,631,D10631
D10631_14,D10,631,D10631
D10631_15,D10,631,D10631
D10631_16,D10,631,D10631
D10631_17,D10,631,D10631
D10631_18,D10,631,D10631
D10631_19,D10,631,D10631
D10631_20,D10,631,D10631
D10631_21,D10,631,D10631
D10631_22,D10,631,D10631
D10631_23,D10,631,D10631
D10631_24,D10,631,D10631
D10631_25,D10,631,D10631
D10631_26,D10,631,D10631
D10631_27,D10,631,D10631
D10631_28,D10,631,D10631
D10631_29,D10,631,D10631
D10631_30,D10,631,D10631
D10631_31,D10,631,D10631
D10631_32,D10,631,D10631
D10631_33,D10,631,D10631
D10631_34,D10,631,D10631
D10631_35,D10,631,D10631
D10631_36,D10,631,D10631
D10631_37,D10,631,D10631
D10631_38,D10,631,D10631
D10631_39,D10,631,D10631
D10631_40,D10,631,D10631
D10631_41,D10,631,D10631
D10631_42,D10,631,D10631
D10631_43,D10,631,D10631
D10631_44,D10,631,D10631
D10631_45,D10,631,D10631
D10631_46,D10,631,D10631
D10631_47,D10,631,D10631
D10631_48,D10,631,D10631
D10631_49,D10,631,D10631
D10631_50,D10,631,D10631
D10631_51,D10,631,D10631
D10631_52,D10,631,D10631
D10631_53,D10,631,D10631
D10631_54,D10,631,D10631
D10631_55,D10,631,D10631
D10631_56,D10,631,D10631
D10631_57,D10,631,D10631
D10631_58,D10,631,D10631
D10631_59,D10,631,D10631
D10631_60,D10,631,D10631
D10631_61,D10,631,D10631
D10631_62,D10,631,D10631
D10631_63,D10,631,D10631
D10631_64,D10,631,D10631
D10631_65,D10,631,D10631
D10631_66,D10,631,D10631
D10631_67,D10,631,D10631
D10631_68,D10,631,D10631
D10631_69,D10,631,D10631
D10631_70,D10,631,D10631
D10631_71,D10,631,D10631
D10631_72,D10,631,D10631
D10631_73,D10,631,D10631
D10631_74,D10,631,D10631
D10631_75,D10,631,D10631
D10631_76,D10,631,D10631
D10631_77,D10,631,D10631
D10631_78,D10,631,D10631
D10631_79,D10,631,D10631
D10631_80,D10,631,D10631
D10631_81,D10,631,D10631
D10631_82,D10,631,D10631
D10631_83,D10,631,D10631
D10631_84,D10,631,D10631
D10631_85,D10,631,D10631
D10631_86,D10,631,D10631
D10631_87,D10,631,D10631
D10631_88,D10,631,D10631
D10631_89,D10,631,D10631
D10631_90,D10,631,D10631
D10631_91,D10,631,D10631
D10631_92,D10,631,D10631
D10631_93,D10,631,D10631
D10631_94,D10,631,D10631
D10631_95,D10,631,D10631
D10631_96,D10,631,D10631
D101_1,D10,1,D101
D101_2,D10,1,D101
D101_3,D10,1,D101
D101_4,D10,1,D101
D101_5,D10,1,D101
D101_6,D10,1,D101
D101_7,D10,1,D101
D101_8,D10,1,D101
D101_9,D10,1,D101
D101_10,D10,1,D101
D101_11,D10,1,D101
D101_12,D10,1,D101
D101_13,D10,1,D101
D101_14,D10,1,D101
D101_15,D10,1,D101
D101_16,D10,1,D101
D101_17,D10,1,D101
D101_18,D10,1,D101
D101_19,D10,1,D101
D101_20,D10,1,D101
D101_21,D10,1,D101
D101_22,D10,1,D101
D101_23,D10,1,D101
D101_24,D10,1,D101
D101_25,D10,1,D101
D101_26,D10,1,D101
D101_27,D10,1,D101
D101_28,D10,1,D101
D101_29,D10,1,D101
D101_30,D10,1,D101
D101_31,D10,1,D101
D101_32,D10,1,D101
D101_33,D10,1,D101
D101_34,D10,1,D101
D101_35,D10,1,D101
D101_36,D10,1,D101
D101_37,D10,1,D101
D101_38,D10,1,D101
D101_39,D10,1,D101
D101_40,D10,1,D101
D101_41,D10,1,D101
D101_42,D10,1,D101
D101_43,D10,1,D101
D101_44,D10,1,D101
D101_45,D10,1,D101
D101_46,D10,1,D101
D101_47,D10,1,D101
D101_48,D10,1,D101
D101_49,D10,1,D101
D101_50,D10,1,D101
D101_51,D10,1,D101
D101_52,D10,1,D101
D101_53,D10,1,D101
D101_54,D10,1,D101
D101_55,D10,1,D101
D101_56,D10,1,D101
D101_57,D10,1,D101
D101_58,D10,1,D101
D101_59,D10,1,D101
D101_60,D10,1,D101
D101_61,D10,1,D101
D101_62,D10,1,D101
D101_63,D10,1,D101
D101_64,D10,1,D101
D101_65,D10,1,D101
D101_66,D10,1,D101
D101_67,D10,1,D101
D101_68,D10,1,D101
D101_69,D10,1,D101
D101_70,D10,1,D101
D101_71,D10,1,D101
D101_72,D10,1,D101
D101_73,D10,1,D101
D101_74,D10,1,D101
D101_75,D10,1,D101
D101_76,D10,1,D101
D101_77,D10,1,D101
D101_78,D10,1,D101
D101_79,D10,1,D101
D101_80,D10,1,D101
D101_81,D10,1,D101
D101_82,D10,1,D101
D101_83,D10,1,D101
D101_84,D10,1,D101
D101_85,D10,1,D101
D101_86,D10,1,D101
D101_87,D10,1,D101
D101_88,D10,1,D101
D101_89,D10,1,D101
D101_90,D10,1,D101
D101_91,D10,1,D101
D101_92,D10,1,D101
D101_93,D10,1,D101
D101_94,D10,1,D101
D101_95,D10,1,D101
D101_96,D10,1,D101
D102_1,D10,2,D102
D102_2,D10,2,D102
D102_3,D10,2,D102
D102_4,D10,2,D102
D102_5,D10,2,D102
D102_6,D10,2,D102
D102_7,D10,2,D102
D102_8,D10,2,D102
D102_9,D10,2,D102
D102_10,D10,2,D102
D102_11,D10,2,D102
D102_12,D10,2,D102
D102_13,D10,2,D102
D102_14,D10,2,D102
D102_15,D10,2,D102
D102_16,D10,2,D102
D102_17,D10,2,D102
D102_18,D10,2,D102
D102_19,D10,2,D102
D102_20,D10,2,D102
D102_21,D10,2,D102
D102_22,D10,2,D102
D102_23,D10,2,D102
D102_24,D10,2,D102
D102_25,D10,2,D102
D102_26,D10,2,D102
D102_27,D10,2,D102
D102_28,D10,2,D102
D102_29,D10,2,D102
D102_30,D10,2,D102
D102_31,D10,2,D102
D102_32,D10,2,D102
D102_33,D10,2,D102
D102_34,D10,2,D102
D102_35,D10,2,D102
D102_36,D10,2,D102
D102_37,D10,2,D102
D102_38,D10,2,D102
D102_39,D10,2,D102
D102_40,D10,2,D102
D102_41,D10,2,D102
D102_42,D10,2,D102
D102_43,D10,2,D102
D102_44,D10,2,D102
D102_45,D10,2,D102
D102_46,D10,2,D102
D102_47,D10,2,D102
D102_48,D10,2,D102
D102_49,D10,2,D102
D102_50,D10,2,D102
D102_51,D10,2,D102
D102_52,D10,2,D102
D102_53,D10,2,D102
D102_54,D10,2,D102
D102_55,D10,2,D102
D102_56,D10,2,D102
D102_57,D10,2,D102
D102_58,D10,2,D102
D102_59,D10,2,D102
D102_60,D10,2,D102
D102_61,D10,2,D102
D102_62,D10,2,D102
D102_63,D10,2,D102
D102_64,D10,2,D102
D102_65,D10,2,D102
D102_66,D10,2,D102
D102_67,D10,2,D102
D102_68,D10,2,D102
D102_69,D10,2,D102
D102_70,D10,2,D102
D102_71,D10,2,D102
D102_72,D10,2,D102
D102_73,D10,2,D102
D102_74,D10,2,D102
D102_75,D10,2,D102
D102_76,D10,2,D102
D102_77,D10,2,D102
D102_78,D10,2,D102
D102_79,D10,2,D102
D102_80,D10,2,D102
D102_81,D10,2,D102
D102_82,D10,2,D102
D102_83,D10,2,D102
D102_84,D10,2,D102
D102_85,D10,2,D102
D102_86,D10,2,D102
D102_87,D10,2,D102
D102_88,D10,2,D102
D102_89,D10,2,D102
D102_90,D10,2,D102
D102_91,D10,2,D102
D102_92,D10,2,D102
D102_93,D10,2,D102
D102_94,D10,2,D102
D102_95,D10,2,D102
D102_96,D10,2,D102
D1713_1,D17,13,D1713
D1713_2,D17,13,D1713
D1713_3,D17,13,D1713
D1713_4,D17,13,D1713
D1713_5,D17,13,D1713
D1713_6,D17,13,D1713
D1713_7,D17,13,D1713
D1713_8,D17,13,D1713
D1713_9,D17,13,D1713
D1713_10,D17,13,D1713
D1713_11,D17,13,D1713
D1713_12,D17,13,D1713
D1713_13,D17,13,D1713
D1713_14,D17,13,D1713
D1713_15,D17,13,D1713
D1713_16,D17,13,D1713
D1713_17,D17,13,D1713
D1713_18,D17,13,D1713
D1713_19,D17,13,D1713
D1713_20,D17,13,D1713
D1713_21,D17,13,D1713
D1713_22,D17,13,D1713
D1713_23,D17,13,D1713
D1713_24,D17,13,D1713
D1713_25,D17,13,D1713
D1713_26,D17,13,D1713
D1713_27,D17,13,D1713
D1713_28,D17,13,D1713
D1713_29,D17,13,D1713
D1713_30,D17,13,D1713
D1713_31,D17,13,D1713
D1713_32,D17,13,D1713
D1713_33,D17,13,D1713
D1713_34,D17,13,D1713
D1713_35,D17,13,D1713
D1713_36,D17,13,D1713
D1713_37,D17,13,D1713
D1713_38,D17,13,D1713
D1713_39,D17,13,D1713
D1713_40,D17,13,D1713
D1713_41,D17,13,D1713
D1713_42,D17,13,D1713
D1713_43,D17,13,D1713
D1713_44,D17,13,D1713
D1713_45,D17,13,D1713
D1713_46,D17,13,D1713
D1713_47,D17,13,D1713
D1713_48,D17,13,D1713
D1713_49,D17,13,D1713
D1713_50,D17,13,D1713
D1713_51,D17,13,D1713
D1713_52,D17,13,D1713
D1713_53,D17,13,D1713
D1713_54,D17,13,D1713
D1713_55,D17,13,D1713
D1713_56,D17,13,D1713
D1713_57,D17,13,D1713
D1713_58,D17,13,D1713
D1713_59,D17,13,D1713
D1713_60,D17,13,D1713
D1713_61,D17,13,D1713
D1713_62,D17,13,D1713
D1713_63,D17,13,D1713
D1713_64,D17,13,D1713
D1713_65,D17,13,D1713
D1713_66,D17,13,D1713
D1713_67,D17,13,D1713
D1713_68,D17,13,D1713
D1713_69,D17,13,D1713
D1713_70,D17,13,D1713
D1713_71,D17,13,D1713
D1713_72,D17,13,D1713
D1713_73,D17,13,D1713
D1713_74,D17,13,D1713
D1713_75,D17,13,D1713
D1713_76,D17,13,D1713
D1713_77,D17,13,D1713
D1713_78,D17,13,D1713
D1713_79,D17,13,D1713
D1713_80,D17,13,D1713
D1713_81,D17,13,D1713
D1713_82,D17,13,D1713
D1713_83,D17,13,D1713
D1713_84,D17,13,D1713
D1713_85,D17,13,D1713
D1713_86,D17,13,D1713
D1713_87,D17,13,D1713
D1713_88,D17,13,D1713
D1713_89,D17,13,D1713
D1713_90,D17,13,D1713
D1713_91,D17,13,D1713
D1713_92,D17,13,D1713
D1713_93,D17,13,D1713
D1713_94,D17,13,D1713
D1713_95,D17,13,D1713
D1713_96,D17,13,D1713
D172444_1,D17,2444,D172444
D172444_2,D17,2444,D172444
D172444_3,D17,2444,D172444
D172444_4,D17,2444,D172444
D172444_5,D17,2444,D172444
D172444_6,D17,2444,D172444
D172444_7,D17,2444,D172444
D172444_8,D17,2444,D172444
D172444_9,D17,2444,D172444
D172444_10,D17,2444,D172444
D172444_11,D17,2444,D172444
D172444_12,D17,2444,D172444
D172444_13,D17,2444,D172444
D172444_14,D17,2444,D172444
D172444_15,D17,2444,D172444
D172444_16,D17,2444,D172444
D172444_17,D17,2444,D172444
D172444_18,D17,2444,D172444
D172444_19,D17,2444,D172444
D172444_20,D17,2444,D172444
D172444_21,D17,2444,D172444
D172444_22,D17,2444,D172444
D172444_23,D17,2444,D172444
D172444_24,D17,2444,D172444
D172444_25,D17,2444,D172444
D172444_26,D17,2444,D172444
D172444_27,D17,2444,D172444
D172444_28,D17,2444,D172444
D172444_29,D17,2444,D172444
D172444_30,D17,2444,D172444
D172444_31,D17,2444,D172444
D172444_32,D17,2444,D172444
D172444_33,D17,2444,D172444
D172444_34,D17,2444,D172444
D172444_35,D17,2444,D172444
D172444_36,D17,2444,D172444
D172444_37,D17,2444,D172444
D172444_38,D17,2444,D172444
D172444_39,D17,2444,D172444
D172444_40,D17,2444,D172444
D172444_41,D17,2444,D172444
D172444_42,D17,2444,D172444
D172444_43,D17,2444,D172444
D172444_44,D17,2444,D172444
D172444_45,D17,2444,D172444
D172444_46,D17,2444,D172444
D172444_47,D17,2444,D172444
D172444_48,D17,2444,D172444
D172444_49,D17,2444,D172444
D172444_50,D17,2444,D172444
D172444_51,D17,2444,D172444
D172444_52,D17,2444,D172444
D172444_53,D17,2444,D172444
D172444_54,D17,2444,D172444
D172444_55,D17,2444,D172444
D172444_56,D17,2444,D172444
D172444_57,D17,2444,D172444
D172444_58,D17,2444,D172444
D172444_59,D17,2444,D172444
D172444_60,D17,2444,D172444
D172444_61,D17,2444,D172444
D172444_62,D17,2444,D172444
D172444_63,D17,2444,D172444
D172444_64,D17,2444,D172444
D172444_65,D17,2444,D172444
D172444_66,D17,2444,D172444
D172444_67,D17,2444,D172444
D172444_68,D17,2444,D172444
D172444_69,D17,2444,D172444
D172444_70,D17,2444,D172444
D172444_71,D17,2444,D172444
D172444_72,D17,2444,D172444
D172444_73,D17,2444,D172444
D172444_74,D17,2444,D172444
D172444_75,D17,2444,D172444
D172444_76,D17,2444,D172444
D172444_77,D17,2444,D172444
D172444_78,D17,2444,D172444
D172444_79,D17,2444,D172444
D172444_80,D17,2444,D172444
D172444_81,D17,2444,D172444
D172444_82,D17,2444,D172444
D172444_83,D17,2444,D172444
D172444_84,D17,2444,D172444
D172444_85,D17,2444,D172444
D172444_86,D17,2444,D172444
D172444_87,D17,2444,D172444
D172444_88,D17,2444,D172444
D172444_89,D17,2444,D172444
D172444_90,D17,2444,D172444
D172444_91,D17,2444,D172444
D172444_92,D17,2444,D172444
D172444_93,D17,2444,D172444
D172444_94,D17,2444,D172444
D172444_95,D17,2444,D172444
D172444_96,D17,2444,D172444
D17All1_1,D17,All1,D17
D17All1_2,D17,All1,D17
D17All1_3,D17,All1,D17
D17All1_4,D17,All1,D17
D17All1_5,D17,All1,D17
D17All1_6,D17,All1,D17
D17All1_7,D17,All1,D17
D17All1_8,D17,All1,D17
D17All1_9,D17,All1,D17
D17All1_10,D17,All1,D17
D17All1_11,D17,All1,D17
D17All1_12,D17,All1,D17
D17All1_13,D17,All1,D17
D17All1_14,D17,All1,D17
D17All1_15,D17,All1,D17
D17All1_16,D17,All1,D17
D17All1_17,D17,All1,D17
D17All1_18,D17,All1,D17
D17All1_19,D17,All1,D17
D17All1_20,D17,All1,D17
D17All1_21,D17,All1,D17
D17All1_22,D17,All1,D17
D17All1_23,D17,All1,D17
D17All1_24,D17,All1,D17
D17All1_25,D17,All1,D17
D17All1_26,D17,All1,D17
D17All1_27,D17,All1,D17
D17All1_28,D17,All1,D17
D17All1_29,D17,All1,D17
D17All1_30,D17,All1,D17
D17All1_31,D17,All1,D17
D17All1_32,D17,All1,D17
D17All1_33,D17,All1,D17
D17All1_34,D17,All1,D17
D17All1_35,D17,All1,D17
D17All1_36,D17,All1,D17
D17All1_37,D17,All1,D17
D17All1_38,D17,All1,D17
D17All1_39,D17,All1,D17
D17All1_40,D17,All1,D17
D17All1_41,D17,All1,D17
D17All1_42,D17,All1,D17
D17All1_43,D17,All1,D17
D17All1_44,D17,All1,D17
D17All1_45,D17,All1,D17
D17All1_46,D17,All1,D17
D17All1_47,D17,All1,D17
D17All1_48,D17,All1,D17
D17All1_49,D17,All1,D17
D17All1_50,D17,All1,D17
D17All1_51,D17,All1,D17
D17All1_52,D17,All1,D17
D17All1_53,D17,All1,D17
D17All1_54,D17,All1,D17
D17All1_55,D17,All1,D17
D17All1_56,D17,All1,D17
D17All1_57,D17,All1,D17
D17All1_58,D17,All1,D17
D17All1_59,D17,All1,D17
D17All1_60,D17,All1,D17
D17All1_61,D17,All1,D17
D17All1_62,D17,All1,D17
D17All1_63,D17,All1,D17
D17All1_64,D17,All1,D17
D17All1_65,D17,All1,D17
D17All1_66,D17,All1,D17
D17All1_67,D17,All1,D17
D17All1_68,D17,All1,D17
D17All1_69,D17,All1,D17
D17All1_70,D17,All1,D17
D17All1_71,D17,All1,D17
D17All1_72,D17,All1,D17
D17All1_73,D17,All1,D17
D17All1_74,D17,All1,D17
D17All1_75,D17,All1,D17
D17All1_76,D17,All1,D17
D17All1_77,D17,All1,D17
D17All1_78,D17,All1,D17
D17All1_79,D17,All1,D17
D17All1_80,D17,All1,D17
D17All1_81,D17,All1,D17
D17All1_82,D17,All1,D17
D17All1_83,D17,All1,D17
D17All1_84,D17,All1,D17
D17All1_85,D17,All1,D17
D17All1_86,D17,All1,D17
D17All1_87,D17,All1,D17
D17All1_88,D17,All1,D17
D17All1_89,D17,All1,D17
D17All1_90,D17,All1,D17
D17All1_91,D17,All1,D17
D17All1_92,D17,All1,D17
D17All1_93,D17,All1,D17
D17All1_94,D17,All1,D17
D17All1_95,D17,All1,D17
D17All1_96,D17,All1,D17
D17All2_1,D17,All2,D17
D17All2_2,D17,All2,D17
D17All2_3,D17,All2,D17
D17All2_4,D17,All2,D17
D17All2_5,D17,All2,D17
D17All2_6,D17,All2,D17
D17All2_7,D17,All2,D17
D17All2_8,D17,All2,D17
D17All2_9,D17,All2,D17
D17All2_10,D17,All2,D17
D17All2_11,D17,All2,D17
D17All2_12,D17,All2,D17
D17All2_13,D17,All2,D17
D17All2_14,D17,All2,D17
D17All2_15,D17,All2,D17
D17All2_16,D17,All2,D17
D17All2_17,D17,All2,D17
D17All2_18,D17,All2,D17
D17All2_19,D17,All2,D17
D17All2_20,D17,All2,D17
D17All2_21,D17,All2,D17
D17All2_22,D17,All2,D17
D17All2_23,D17,All2,D17
D17All2_24,D17,All2,D17
D17All2_25,D17,All2,D17
D17All2_26,D17,All2,D17
D17All2_27,D17,All2,D17
D17All2_28,D17,All2,D17
D17All2_29,D17,All2,D17
D17All2_30,D17,All2,D17
D17All2_31,D17,All2,D17
D17All2_32,D17,All2,D17
D17All2_33,D17,All2,D17
D17All2_34,D17,All2,D17
D17All2_35,D17,All2,D17
D17All2_36,D17,All2,D17
D17All2_37,D17,All2,D17
D17All2_38,D17,All2,D17
D17All2_39,D17,All2,D17
D17All2_40,D17,All2,D17
D17All2_41,D17,All2,D17
D17All2_42,D17,All2,D17
D17All2_43,D17,All2,D17
D17All2_44,D17,All2,D17
D17All2_45,D17,All2,D17
D17All2_46,D17,All2,D17
D17All2_47,D17,All2,D17
D17All2_48,D17,All2,D17
D17All2_49,D17,All2,D17
D17All2_50,D17,All2,D17
D17All2_51,D17,All2,D17
D17All2_52,D17,All2,D17
D17All2_53,D17,All2,D17
D17All2_54,D17,All2,D17
D17All2_55,D17,All2,D17
D17All2_56,D17,All2,D17
D17All2_57,D17,All2,D17
D17All2_58,D17,All2,D17
D17All2_59,D17,All2,D17
D17All2_60,D17,All2,D17
D17All2_61,D17,All2,D17
D17All2_62,D17,All2,D17
D17All2_63,D17,All2,D17
D17All2_64,D17,All2,D17
D17All2_65,D17,All2,D17
D17All2_66,D17,All2,D17
D17All2_67,D17,All2,D17
D17All2_68,D17,All2,D17
D17All2_69,D17,All2,D17
D17All2_70,D17,All2,D17
D17All2_71,D17,All2,D17
D17All2_72,D17,All2,D17
D17All2_73,D17,All2,D17
D17All2_74,D17,All2,D17
D17All2_75,D17,All2,D17
D17All2_76,D17,All2,D17
D17All2_77,D17,All2,D17
D17All2_78,D17,All2,D17
D17All2_79,D17,All2,D17
D17All2_80,D17,All2,D17
D17All2_81,D17,All2,D17
D17All2_82,D17,All2,D17
D17All2_83,D17,All2,D17
D17All2_84,D17,All2,D17
D17All2_85,D17,All2,D17
D17All2_86,D17,All2,D17
D17All2_87,D17,All2,D17
D17All2_88,D17,All2,D17
D17All2_89,D17,All2,D17
D17All2_90,D17,All2,D17
D17All2_91,D17,All2,D17
D17All2_92,D17,All2,D17
D17All2_93,D17,All2,D17
D17All2_94,D17,All2,D17
D17All2_95,D17,All2,D17
D17All2_96,D17,All2,D17
D17TGFB_1,D17,TGFB,D17
D17TGFB_2,D17,TGFB,D17
D17TGFB_3,D17,TGFB,D17
D17TGFB_4,D17,TGFB,D17
D17TGFB_5,D17,TGFB,D17
D17TGFB_6,D17,TGFB,D17
D17TGFB_7,D17,TGFB,D17
D17TGFB_8,D17,TGFB,D17
D17TGFB_9,D17,TGFB,D17
D17TGFB_10,D17,TGFB,D17
D17TGFB_11,D17,TGFB,D17
D17TGFB_12,D17,TGFB,D17
D17TGFB_13,D17,TGFB,D17
D17TGFB_14,D17,TGFB,D17
D17TGFB_15,D17,TGFB,D17
D17TGFB_16,D17,TGFB,D17
D17TGFB_17,D17,TGFB,D17
D17TGFB_18,D17,TGFB,D17
D17TGFB_19,D17,TGFB,D17
D17TGFB_20,D17,TGFB,D17
D17TGFB_21,D17,TGFB,D17
D17TGFB_22,D17,TGFB,D17
D17TGFB_23,D17,TGFB,D17
D17TGFB_24,D17,TGFB,D17
D17TGFB_25,D17,TGFB,D17
D17TGFB_26,D17,TGFB,D17
D17TGFB_27,D17,TGFB,D17
D17TGFB_28,D17,TGFB,D17
D17TGFB_29,D17,TGFB,D17
D17TGFB_30,D17,TGFB,D17
D17TGFB_31,D17,TGFB,D17
D17TGFB_32,D17,TGFB,D17
D17TGFB_33,D17,TGFB,D17
D17TGFB_34,D17,TGFB,D17
D17TGFB_35,D17,TGFB,D17
D17TGFB_36,D17,TGFB,D17
D17TGFB_37,D17,TGFB,D17
D17TGFB_38,D17,TGFB,D17
D17TGFB_39,D17,TGFB,D17
D17TGFB_40,D17,TGFB,D17
D17TGFB_41,D17,TGFB,D17
D17TGFB_42,D17,TGFB,D17
D17TGFB_43,D17,TGFB,D17
D17TGFB_44,D17,TGFB,D17
D17TGFB_45,D17,TGFB,D17
D17TGFB_46,D17,TGFB,D17
D17TGFB_47,D17,TGFB,D17
D17TGFB_48,D17,TGFB,D17
D17TGFB_49,D17,TGFB,D17
D17TGFB_50,D17,TGFB,D17
D17TGFB_51,D17,TGFB,D17
D17TGFB_52,D17,TGFB,D17
D17TGFB_53,D17,TGFB,D17
D17TGFB_54,D17,TGFB,D17
D17TGFB_55,D17,TGFB,D17
D17TGFB_56,D17,TGFB,D17
D17TGFB_57,D17,TGFB,D17
D17TGFB_58,D17,TGFB,D17
D17TGFB_59,D17,TGFB,D17
D17TGFB_60,D17,TGFB,D17
D17TGFB_61,D17,TGFB,D17
D17TGFB_62,D17,TGFB,D17
D17TGFB_63,D17,TGFB,D17
D17TGFB_64,D17,TGFB,D17
D17TGFB_65,D17,TGFB,D17
D17TGFB_66,D17,TGFB,D17
D17TGFB_67,D17,TGFB,D17
D17TGFB_68,D17,TGFB,D17
D17TGFB_69,D17,TGFB,D17
D17TGFB_70,D17,TGFB,D17
D17TGFB_71,D17,TGFB,D17
D17TGFB_72,D17,TGFB,D17
D17TGFB_73,D17,TGFB,D17
D17TGFB_74,D17,TGFB,D17
D17TGFB_75,D17,TGFB,D17
D17TGFB_76,D17,TGFB,D17
D17TGFB_77,D17,TGFB,D17
D17TGFB_78,D17,TGFB,D17
D17TGFB_79,D17,TGFB,D17
D17TGFB_80,D17,TGFB,D17
D17TGFB_81,D17,TGFB,D17
D17TGFB_82,D17,TGFB,D17
D17TGFB_83,D17,TGFB,D17
D17TGFB_84,D17,TGFB,D17
D17TGFB_85,D17,TGFB,D17
D17TGFB_86,D17,TGFB,D17
D17TGFB_87,D17,TGFB,D17
D17TGFB_88,D17,TGFB,D17
D17TGFB_89,D17,TGFB,D17
D17TGFB_90,D17,TGFB,D17
D17TGFB_91,D17,TGFB,D17
D17TGFB_92,D17,TGFB,D17
D17TGFB_93,D17,TGFB,D17
D17TGFB_94,D17,TGFB,D17
D17TGFB_95,D17,TGFB,D17
D17TGFB_96,D17,TGFB,D17
